﻿<?xml version="1.0" encoding="UTF-8"?>
<fileList>
    <entry dir="[2.2.9]">
	<file>
            <name>WL-Download.exe</name>
            <size>16513536</size>
        </file>
        <file>
            <name>WL-Software.exe</name>
            <size>5663232</size>
        </file>
        <file>
            <name>CCPRestSDK.dll</name>
            <size>860160</size>
        </file>
        <file>
            <name>CH341A.DLL</name>
            <size>2536</size>
        </file>
        <file>
            <name>CH341DLL.DLL</name>
            <size>31012</size>
        </file>
        <file>
            <name>OpenAL32.dll</name>
            <size>629391</size>
        </file>
        <file>
            <name>Qt5Core.dll</name>
            <size>4786176</size>
        </file>
        <file>
            <name>Qt5Ftp.dll</name>
            <size>98304</size>
        </file>
        <file>
            <name>Qt5Gui.dll</name>
            <size>4597248</size>
        </file>
        <file>
            <name>Qt5Multimedia.dll</name>
            <size>768512</size>
        </file>
        <file>
            <name>Qt5MultimediaWidgets.dll</name>
            <size>107520</size>
        </file>
        <file>
            <name>Qt5Network.dll</name>
            <size>1412608</size>
        </file>
        <file>
            <name>Qt5OpenGL.dll</name>
            <size>323584</size>
        </file>
        <file>
            <name>Qt5Positioning.dll</name>
            <size>218112</size>
        </file>
        <file>
            <name>Qt5PrintSupport.dll</name>
            <size>335872</size>
        </file>
        <file>
            <name>Qt5Qml.dll</name>
            <size>3921920</size>
        </file>
        <file>
            <name>Qt5Quick.dll</name>
            <size>3400704</size>
        </file>
        <file>
            <name>Qt5Sensors.dll</name>
            <size>198656</size>
        </file>
        <file>
            <name>Qt5SerialPort.dll</name>
            <size>96768</size>
        </file>
        <file>
            <name>Qt5Sql.dll</name>
            <size>237568</size>
        </file>
        <file>
            <name>Qt5Svg.dll</name>
            <size>299520</size>
        </file>
        <file>
            <name>Qt5WebKit.dll</name>
            <size>30935552</size>
        </file>
        <file>
            <name>Qt5WebKitWidgets.dll</name>
            <size>263680</size>
        </file>
        <file>
            <name>Qt5Widgets.dll</name>
            <size>5883904</size>
        </file>
        <file>
            <name>QtAV1.dll</name>
            <size>1542656</size>
        </file>
        <file>
            <name>QtAVWidgets1.dll</name>
            <size>222720</size>
        </file>
        <file>
            <name>avcodec-56.dll</name>
            <size>11237902</size>
        </file>
        <file>
            <name>avdevice-56.dll</name>
            <size>143886</size>
        </file>
        <file>
            <name>avfilter-5.dll</name>
            <size>1221134</size>
        </file>
        <file>
            <name>avformat-56.dll</name>
            <size>2193934</size>
        </file>
        <file>
            <name>avutil-54.dll</name>
            <size>578062</size>
        </file>
        <file>
            <name>iBEC.n90bap.RELEASE.dfu</name>
            <size>268740</size>
        </file>
        <file>
            <name>iBSS.n90bap.RELEASE.dfu</name>
            <size>68057</size>
        </file>
        <file>
            <name>iphone_4_openiboot.1</name>
            <size>983104</size>
        </file>
        <file>
            <name>iphone_4_openiboot.2</name>
            <size>1441856</size>
        </file>
        <file>
            <name>moshi.exe</name>
            <size>3638784</size>
        </file>
        <file>
            <name>config/WL-help-English.CHM</name>
            <size>11973567</size>
        </file>
        <file>
            <name>config/WL-help.CHM</name>
            <size>9803525</size>
        </file>
        <file>
            <name>config/WL_256.ico</name>
            <size>270398</size>
        </file>
        <file>
            <name>drive/CH341A.EXE</name>
            <size>190053</size>
        </file>
        <file>
            <name>drive/FT232_Win8.1.exe</name>
            <size>1940512</size>
        </file>
        <file>
            <name>drive/PL2303_v110.exe</name>
            <size>3176304</size>
        </file>
        <file>
            <name>drive/ft232_drive.exe</name>
            <size>2119568</size>
        </file>
        <file>
            <name>icudt52.dll</name>
            <size>23544786</size>
        </file>
        <file>
            <name>icuin52.dll</name>
            <size>3347428</size>
        </file>
        <file>
            <name>icuuc52.dll</name>
            <size>1992280</size>
        </file>
        <file>
            <name>libgcc_s_dw2-1.dll</name>
            <size>117262</size>
        </file>
        <file>
            <name>libmysql.dll</name>
            <size>4003840</size>
        </file>
        <file>
            <name>libstdc++-6.dll</name>
            <size>970766</size>
        </file>
        <file>
            <name>libwinpthread-1.dll</name>
            <size>48640</size>
        </file>
        <file>
            <name>platforms/qwindows.dll</name>
            <size>1276928</size>
        </file>
        <file>
            <name>plugins/accessible/qtaccessiblewidgets.dll</name>
            <size>177664</size>
        </file>
        <file>
            <name>plugins/audio/qtaudio_windows.dll</name>
            <size>76800</size>
        </file>
        <file>
            <name>plugins/bearer/qgenericbearer.dll</name>
            <size>53760</size>
        </file>
        <file>
            <name>plugins/bearer/qnativewifibearer.dll</name>
            <size>58368</size>
        </file>
        <file>
            <name>plugins/iconengines/qsvgicon.dll</name>
            <size>39424</size>
        </file>
        <file>
            <name>plugins/imageformats/qdds.dll</name>
            <size>51200</size>
        </file>
        <file>
            <name>plugins/imageformats/qgif.dll</name>
            <size>31232</size>
        </file>
        <file>
            <name>plugins/imageformats/qicns.dll</name>
            <size>42496</size>
        </file>
        <file>
            <name>plugins/imageformats/qico.dll</name>
            <size>33280</size>
        </file>
        <file>
            <name>plugins/imageformats/qjp2.dll</name>
            <size>509440</size>
        </file>
        <file>
            <name>plugins/imageformats/qjpeg.dll</name>
            <size>242176</size>
        </file>
        <file>
            <name>plugins/imageformats/qmng.dll</name>
            <size>363008</size>
        </file>
        <file>
            <name>plugins/imageformats/qmovie.dll</name>
            <size>3080256</size>
        </file>
        <file>
            <name>plugins/imageformats/qsvg.dll</name>
            <size>27136</size>
        </file>
        <file>
            <name>plugins/imageformats/qtga.dll</name>
            <size>27136</size>
        </file>
        <file>
            <name>plugins/imageformats/qtiff.dll</name>
            <size>423936</size>
        </file>
        <file>
            <name>plugins/imageformats/qwbmp.dll</name>
            <size>26112</size>
        </file>
        <file>
            <name>plugins/imageformats/qwebp.dll</name>
            <size>341504</size>
        </file>
        <file>
            <name>plugins/mediaservice/dsengine.dll</name>
            <size>211456</size>
        </file>
        <file>
            <name>plugins/mediaservice/qtmedia_audioengine.dll</name>
            <size>62976</size>
        </file>
        <file>
            <name>plugins/playlistformats/qtmultimedia_m3u.dll</name>
            <size>28672</size>
        </file>
        <file>
            <name>plugins/position/qtposition_positionpoll.dll</name>
            <size>51200</size>
        </file>
        <file>
            <name>plugins/printsupport/windowsprintersupport.dll</name>
            <size>43008</size>
        </file>
        <file>
            <name>plugins/sensorgestures/qtsensorgestures_plugin.dll</name>
            <size>93696</size>
        </file>
        <file>
            <name>plugins/sensorgestures/qtsensorgestures_shakeplugin.dll</name>
            <size>25088</size>
        </file>
        <file>
            <name>plugins/sensors/qtsensors_dummy.dll</name>
            <size>26112</size>
        </file>
        <file>
            <name>plugins/sensors/qtsensors_generic.dll</name>
            <size>38400</size>
        </file>
        <file>
            <name>plugins/sqldrivers/qsqlite.dll</name>
            <size>749568</size>
        </file>
        <file>
            <name>plugins/sqldrivers/qsqlmysql.dll</name>
            <size>67584</size>
        </file>
        <file>
            <name>plugins/sqldrivers/qsqlodbc.dll</name>
            <size>104960</size>
        </file>
        <file>
            <name>plugins/sqldrivers/qsqlpsql.dll</name>
            <size>78848</size>
        </file>
        <file>
            <name>swresample-1.dll</name>
            <size>123406</size>
        </file>
        <file>
            <name>swscale-3.dll</name>
            <size>550926</size>
        </file>
    </entry>
</fileList>
